id	first_name	last_name	email	gender	tardy	phone
1.0	Rosetta	Vallentin	rvallentin0@wikimedia.org	Female	False	606-528-5273
2.0	Camille	Ricciardiello	cricciardiello1@tinyurl.com	Female	False	645-319-1885
3.0	Moe	Ruste	mruste2@creativecommons.org	Male	False	639-481-4884
4.0	Carie	Waterhouse	cwaterhouse3@gmpg.org	Female	False	524-713-6463
5.0	Nikoletta	Lanchberry	nlanchberry4@bigcartel.com	Female	False	707-145-1264
6.0	Lucius	Edes	ledes5@businessinsider.com	Male	False	732-687-3106
7.0	Loretta	Syrad	lsyrad6@vimeo.com	Female	True	295-602-3542
8.0	Egbert	Yesinin	eyesinin7@histats.com	Male	False	164-226-9232
9.0	Electra	Penn	epenn8@blogger.com	Female	True	755-450-7071
10.0	Lucius	Wheelwright	lwheelwright9@sfgate.com	Male	False	144-420-1365
11.0	Kaile	Krates	kkratesa@bloglines.com	Female	False	177-731-9850
12.0	Harmon	Fellos	hfellosb@state.tx.us	Male	True	148-741-3831
13.0	Happy	Cawthery	hcawtheryc@hubpages.com	Female	False	102-796-3583
14.0	Wesley	Drewet	wdrewetd@joomla.org	Male	False	952-176-4577
15.0	Camellia	Knibb	cknibbe@cbsnews.com	Female	False	640-691-6228
16.0	Kathy	Pitcock	kpitcockf@taobao.com	Female	False	476-555-0281
17.0	Zebulen	Rheubottom	zrheubottomg@infoseek.co.jp	Genderfluid	False	192-974-7115
18.0	Ogden	Selwood	oselwoodh@wiley.com	Male	True	100-516-1320
19.0	Yevette	Lodovichi	ylodovichii@flickr.com	Female	True	927-592-8011
20.0	Nels	Ielden	nieldenj@psu.edu	Male	False	870-530-3078
21.0	Thoma	Yarrell	tyarrellk@slate.com	Male	True	595-882-7057
22.0	Caddric	Langeley	clangeleyl@people.com.cn	Male	True	615-223-4851
23.0	Worthy	Costigan	wcostiganm@wisc.edu	Male	False	886-897-8031
24.0	Valera	Tallow	vtallown@tiny.cc	Female	True	340-972-7032
25.0	Donnie	Ohms	dohmso@statcounter.com	Female	False	706-194-4052
26.0	Gene	Bulward	gbulwardp@msn.com	Female	False	965-243-0664
27.0	Barthel	Josofovitz	bjosofovitzq@nytimes.com	Male	False	896-784-0579
28.0	Cathlene	Blaiklock	cblaiklockr@narod.ru	Female	True	787-261-3865
29.0	Irene	Furze	ifurzes@jugem.jp	Female	True	845-654-6419
30.0	Lissa	Achrameev	lachrameevt@nasa.gov	Female	False	331-576-9042
31.0	Joete	Gascar	jgascaru@storify.com	Female	True	752-169-5447
32.0	Ailee	Ayrs	aayrsv@opera.com	Female	True	924-503-9425
33.0	Hyacintha	Olenin	holeninw@pagesperso-orange.fr	Female	False	476-736-4738
34.0	Marni	Anders	mandersx@mlb.com	Bigender	True	774-541-9426
35.0	Kissie	Tongs	ktongsy@paypal.com	Female	False	521-464-3880
36.0	Dalila	Viveash	dviveashz@chicagotribune.com	Female	False	200-826-4699
37.0	Kennett	Thalmann	kthalmann10@fc2.com	Genderfluid	False	757-601-0383
38.0	Mitchel	Kaes	mkaes11@goo.gl	Male	False	526-629-1899
39.0	Renaldo	Davison	rdavison12@angelfire.com	Non-binary	True	131-838-3765
40.0	Bonnibelle	Loughnan	bloughnan13@craigslist.org	Female	False	202-680-7945
41.0	Sadella	Wix	swix14@tripod.com	Female	False	512-725-1906
42.0	Zachary	Giraudeau	zgiraudeau15@nymag.com	Male	True	170-764-1841
43.0	Felipa	Simmons	fsimmons16@cmu.edu	Female	True	609-274-9401
44.0	Ramon	Stearns	rstearns17@abc.net.au	Male	True	299-536-3539
45.0	Roderick	Stolworthy	rstolworthy18@ebay.co.uk	Male	True	702-540-7656
46.0	Cristi	Osmon	cosmon19@latimes.com	Polygender	False	244-109-3796
47.0	Conrade	Garvin	cgarvin1a@nifty.com	Male	True	908-400-5130
48.0	Pincus	Detloff	pdetloff1b@elegantthemes.com	Male	False	355-792-3471
49.0	Ginger	Beeres	gbeeres1c@clickbank.net	Male	True	351-226-7015
50.0	Sanford	Grassin	sgrassin1d@free.fr	Male	False	682-566-6536
51.0	Domenic	Reddings	dreddings1e@patch.com	Male	False	389-274-8321
52.0	Jordanna	Ferrillo	jferrillo1f@fastcompany.com	Female	True	652-160-9567
53.0	Loise	Ilett	lilett1g@fda.gov	Female	True	253-342-2911
54.0	Bernie	Goodswen	bgoodswen1h@toplist.cz	Female	False	612-381-6293
55.0	Kelsey	Halloran	khalloran1i@1und1.de	Female	False	992-129-3985
56.0	Fayette	Sandeson	fsandeson1j@cisco.com	Female	False	869-800-9517
57.0	Renae	Leblanc	rleblanc1k@cloudflare.com	Female	False	527-984-5140
58.0	Aaren	Dobbing	adobbing1l@prnewswire.com	Female	True	804-733-3465
59.0	Leoine	Mallen	lmallen1m@icio.us	Female	True	281-714-3169
60.0	Frederik	Broe	fbroe1n@howstuffworks.com	Male	False	226-427-4728
61.0	Roseann	Posvner	rposvner1o@squarespace.com	Female	True	723-573-6839
62.0	Grove	Janssens	gjanssens1p@imdb.com	Male	True	684-476-2270
63.0	Sara	Ripon	sripon1q@sakura.ne.jp	Female	True	889-536-8103
64.0	Abelard	Paler	apaler1r@newsvine.com	Male	True	659-111-3428
65.0	Bordie	Rhymes	brhymes1s@admin.ch	Male	True	124-892-8753
66.0	Bud	Kellogg	bkellogg1t@hubpages.com	Male	False	249-285-9378
67.0	Archer	Witcherley	awitcherley1u@php.net	Male	False	669-341-2663
68.0	Joleen	Baldacchino	jbaldacchino1v@google.co.jp	Female	False	342-401-9640
69.0	Andromache	Carne	acarne1w@latimes.com	Female	False	830-584-6161
70.0	Harvey	Kunz	hkunz1x@samsung.com	Male	True	402-527-9220
71.0	Lukas	Wreford	lwreford1y@arstechnica.com	Male	False	881-304-3418
72.0	Catlin	Rymer	crymer1z@google.nl	Female	True	594-294-1530
73.0	Stanislaus	Elsmore	selsmore20@gov.uk	Male	True	983-833-1158
74.0	Georgeta	Wedlock	gwedlock21@who.int	Female	False	299-764-0847
75.0	Abe	Shakeshaft	ashakeshaft22@biblegateway.com	Male	True	344-185-4736
76.0	Cyndie	Dumbarton	cdumbarton23@fema.gov	Female	False	391-278-9976
77.0	Dalli	Cheyne	dcheyne24@slashdot.org	Male	True	409-870-3691
78.0	Danyette	Groveham	dgroveham25@weibo.com	Female	True	682-838-5362
79.0	Hussein	Barnbrook	hbarnbrook26@home.pl	Male	True	496-615-6269
80.0	Cathe	Elsmere	celsmere27@bloglines.com	Female	False	595-329-3147
81.0	Raven	Gossipin	rgossipin28@usgs.gov	Female	False	427-976-4826
82.0	Xenia	Vinsen	xvinsen29@scribd.com	Female	True	739-959-7405
83.0	Trumann	Elders	telders2a@nhs.uk	Male	True	621-183-4454
84.0	Maryann	Jeves	mjeves2b@latimes.com	Female	True	689-701-9541
85.0	Olivia	Welsh	owelsh2c@berkeley.edu	Female	True	170-978-8961
86.0	Shandee	Matyushenko	smatyushenko2d@umn.edu	Female	False	810-309-0892
87.0	Modesty	Willarton	mwillarton2e@mayoclinic.com	Female	False	557-266-0433
88.0	Bernette	Gorghetto	bgorghetto2f@g.co	Female	True	134-607-0614
89.0	Zaria	Gavrieli	zgavrieli2g@twitter.com	Female	True	262-276-0141
90.0	Malissia	Tourne	mtourne2h@smh.com.au	Female	False	708-794-1781
91.0	Dasha	Maly	dmaly2i@gizmodo.com	Female	False	309-968-7396
92.0	Dean	Bulch	dbulch2j@gov.uk	Male	True	765-920-9933
93.0	Faulkner	Brelsford	fbrelsford2k@cafepress.com	Male	True	785-592-6671
94.0	Timmy	Trathan	ttrathan2l@typepad.com	Male	False	919-302-8308
95.0	Merilyn	Armit	marmit2m@whitehouse.gov	Female	True	593-202-2949
96.0	Eziechiele	Bowart	ebowart2n@wufoo.com	Male	True	718-188-5363
97.0	Fabe	McCart	fmccart2o@xing.com	Male	True	674-991-3596
98.0	Willi	Horburgh	whorburgh2p@github.com	Female	True	526-169-7325
99.0	Aurthur	Sutliff	asutliff2q@angelfire.com	Male	True	641-282-6873
100.0	Warde	Oake	woake2r@globo.com	Male	True	902-282-6479
101.0	Drucie	Swanger	dswanger2s@accuweather.com	Female	False	228-864-1021
102.0	Candida	Roxburgh	croxburgh2t@umich.edu	Female	False	816-739-4888
103.0	Cherin	Edbrooke	cedbrooke2u@themeforest.net	Female	False	589-875-2603
104.0	Mellisa	Sketh	msketh2v@usa.gov	Female	True	184-191-7045
105.0	Hasty	Grebbin	hgrebbin2w@foxnews.com	Male	False	817-982-9051
106.0	Delmar	Georgeon	dgeorgeon2x@google.com.br	Male	False	397-448-1978
107.0	Vladimir	Fearnley	vfearnley2y@hostgator.com	Bigender	False	112-238-5542
108.0	Lian	Nowland	lnowland2z@reddit.com	Female	False	972-568-5302
109.0	Hakim	Grinyakin	hgrinyakin30@phoca.cz	Male	True	402-632-6982
110.0	Edlin	Darington	edarington31@google.com.hk	Male	True	316-573-2092
111.0	Raleigh	Loughlin	rloughlin32@omniture.com	Male	False	985-965-3524
112.0	Raimundo	Chainey	rchainey33@usnews.com	Male	True	175-595-5178
113.0	Waly	Skone	wskone34@howstuffworks.com	Female	False	704-184-9893
114.0	Nell	Lidgerton	nlidgerton35@umich.edu	Female	True	345-219-0548
115.0	Adriaens	Govier	agovier36@arizona.edu	Female	False	966-375-6033
116.0	Leroi	O'Caherny	locaherny37@mlb.com	Polygender	True	331-948-7304
117.0	Leigha	Oloshkin	loloshkin38@github.io	Female	True	982-374-3166
118.0	Rochester	Jaffa	rjaffa39@multiply.com	Male	False	202-881-6907
119.0	Illa	Jachimczak	ijachimczak3a@wisc.edu	Female	False	611-133-7873
120.0	Heidie	Govan	hgovan3b@pbs.org	Female	True	538-256-5519
121.0	Merle	Grzeszczak	mgrzeszczak3c@bbb.org	Male	False	256-186-2208
122.0	Floria	Gayton	fgayton3d@cpanel.net	Female	False	722-484-8734
123.0	Lawry	Peacop	lpeacop3e@angelfire.com	Male	False	231-769-2133
124.0	Corina	Olliar	colliar3f@pagesperso-orange.fr	Female	False	185-480-2368
125.0	Marys	Palfrie	mpalfrie3g@facebook.com	Female	False	804-916-7719
126.0	Cullie	Reynalds	creynalds3h@ezinearticles.com	Male	True	585-513-6321
127.0	Sander	McCerery	smccerery3i@loc.gov	Male	True	967-223-3359
128.0	Perri	Benedite	pbenedite3j@cisco.com	Female	True	297-870-7001
129.0	Genna	Geraud	ggeraud3k@wix.com	Non-binary	False	986-285-0359
130.0	Flory	Temperley	ftemperley3l@examiner.com	Male	True	264-515-5687
131.0	Ben	de Cullip	bdecullip3m@trellian.com	Male	True	565-139-3340
132.0	Torey	Camosso	tcamosso3n@google.com	Male	False	597-102-9705
133.0	Bridgette	Le-Good	blegood3o@ning.com	Female	True	446-263-5086
134.0	Robyn	Utridge	rutridge3p@e-recht24.de	Female	True	817-963-6404
135.0	Morgen	Courvert	mcourvert3q@t.co	Male	False	365-872-4077
136.0	Osborne	Stiggers	ostiggers3r@sfgate.com	Male	False	938-911-4906
137.0	Feliks	Fadden	ffadden3s@soup.io	Male	True	576-806-4122
138.0	Jewel	Glashby	jglashby3t@amazon.com	Female	False	857-813-5922
139.0	Arleyne	Axford	aaxford3u@ask.com	Female	False	743-196-1316
140.0	Shauna	Spilsbury	sspilsbury3v@fotki.com	Female	False	761-425-2354
141.0	Gaven	Tivers	gtivers3w@guardian.co.uk	Genderfluid	True	962-201-7156
142.0	Mallorie	Remmer	mremmer3x@buzzfeed.com	Female	True	750-368-2461
143.0	Fanchon	Collison	fcollison3y@mlb.com	Female	False	136-571-2469
144.0	Brett	Statton	bstatton3z@imgur.com	Male	True	283-944-6099
145.0	Cart	Fearney	cfearney40@google.ru	Male	False	205-843-7350
146.0	Barret	Lewtey	blewtey41@rediff.com	Male	True	481-557-0424
147.0	Patrice	Satford	psatford42@ebay.com	Male	False	485-413-4764
148.0	Finley	Sackler	fsackler43@macromedia.com	Male	True	625-299-7671
149.0	Myles	Thickpenny	mthickpenny44@time.com	Male	False	202-909-3088
150.0	Catherina	Oslar	coslar45@wikipedia.org	Female	True	585-605-6896
151.0	Chrysler	Kingsnode	ckingsnode46@github.io	Female	True	982-180-7259
152.0	Thekla	Smithyman	tsmithyman47@liveinternet.ru	Female	True	222-484-5807
153.0	Bil	Heathfield	bheathfield48@google.fr	Male	True	807-218-3956
154.0	Ellery	Bestwerthick	ebestwerthick49@squarespace.com	Male	False	455-632-5920
155.0	Webster	Carmel	wcarmel4a@upenn.edu	Male	True	412-646-9396
156.0	Federica	Thomsen	fthomsen4b@japanpost.jp	Female	True	306-793-4076
157.0	Clarinda	Sargison	csargison4c@wix.com	Female	True	277-392-1767
158.0	Chrisy	Mumbray	cmumbray4d@ning.com	Male	False	572-184-5504
159.0	Benjamen	Sloss	bsloss4e@rakuten.co.jp	Male	True	599-743-9495
160.0	Clotilda	Little	clittle4f@flavors.me	Female	False	653-307-3030
161.0	Bendicty	Bidwell	bbidwell4g@businessweek.com	Male	False	120-608-3330
162.0	Lorne	Mouncher	lmouncher4h@prnewswire.com	Female	False	309-556-0479
163.0	Raf	Davidovicz	rdavidovicz4i@yellowbook.com	Female	True	414-521-8993
164.0	Abigael	Hotton	ahotton4j@cnn.com	Female	False	482-395-3201
165.0	Phillip	Chastanet	pchastanet4k@omniture.com	Non-binary	False	831-994-0955
166.0	Lucine	Horbart	lhorbart4l@g.co	Female	False	237-206-7936
167.0	Tobiah	Winfindale	twinfindale4m@51.la	Male	True	105-365-3609
168.0	Leeann	Dacres	ldacres4n@elegantthemes.com	Female	True	445-726-4903
169.0	Kendell	Cornforth	kcornforth4o@jiathis.com	Male	False	144-427-0416
170.0	Lanna	McQuirter	lmcquirter4p@wordpress.org	Female	False	981-340-3507
171.0	Klara	Mowlam	kmowlam4q@privacy.gov.au	Female	True	430-876-3236
172.0	Jobie	Reyes	jreyes4r@google.cn	Female	True	589-994-6784
173.0	Judas	Blaisdell	jblaisdell4s@purevolume.com	Male	False	703-958-6137
174.0	Lorin	Grzes	lgrzes4t@tamu.edu	Male	True	959-938-4811
175.0	Wayne	Oleszkiewicz	woleszkiewicz4u@bravesites.com	Male	False	800-687-6204
176.0	Vitoria	Cottam	vcottam4v@irs.gov	Female	True	346-753-0661
177.0	Dougy	Grosier	dgrosier4w@google.com	Male	False	377-270-3521
178.0	Herschel	Chestle	hchestle4x@behance.net	Male	False	117-950-4014
179.0	Julissa	Lochran	jlochran4y@indiatimes.com	Genderqueer	False	115-922-2762
180.0	Gnni	Vasilischev	gvasilischev4z@loc.gov	Female	False	327-944-1336
181.0	Evin	Brotherhood	ebrotherhood50@yandex.ru	Bigender	False	603-445-5238
182.0	Mercy	Copozio	mcopozio51@bbb.org	Female	False	528-723-0451
183.0	Laurena	Arkil	larkil52@goo.ne.jp	Female	False	100-487-4573
184.0	Ruben	Diggons	rdiggons53@thetimes.co.uk	Male	False	610-723-9659
185.0	Duke	Hodges	dhodges54@meetup.com	Male	False	597-777-0404
186.0	Lemmie	Parres	lparres55@acquirethisname.com	Bigender	False	160-337-1672
187.0	Albertina	Spring	aspring56@amazon.de	Female	False	309-236-3688
188.0	Cirilo	Baudichon	cbaudichon57@cafepress.com	Male	True	678-296-4965
189.0	Cordell	Kahen	ckahen58@shareasale.com	Non-binary	True	105-302-5950
190.0	Antonietta	Chellingworth	achellingworth59@google.co.jp	Female	True	339-708-1011
191.0	Joanie	Elcocks	jelcocks5a@jimdo.com	Female	False	192-324-9127
192.0	Levon	Syalvester	lsyalvester5b@mtv.com	Male	True	537-680-2274
193.0	Gabriellia	De Rye Barrett	gderyebarrett5c@ow.ly	Female	True	973-987-6989
194.0	Jermain	Martinyuk	jmartinyuk5d@wikimedia.org	Male	False	527-538-0372
195.0	Anetta	Prewett	aprewett5e@house.gov	Female	True	183-816-2030
196.0	Corey	Myrick	cmyrick5f@yahoo.co.jp	Male	False	411-363-7863
197.0	Stacie	D'Aulby	sdaulby5g@hp.com	Female	True	150-928-1443
198.0	Sena	Elcoate	selcoate5h@vimeo.com	Female	False	524-577-8726
199.0	Bastian	Donnachie	bdonnachie5i@istockphoto.com	Male	True	425-995-0126
200.0	Matthieu	Wadwell	mwadwell5j@columbia.edu	Male	True	252-253-9732
201.0	Kimbra	Obern	kobern5k@google.com	Genderqueer	False	358-491-1999
202.0	Berti	Bensen	bbensen5l@ow.ly	Female	True	253-334-8486
203.0	Raimundo	Bumfrey	rbumfrey5m@nhs.uk	Male	True	104-457-2773
204.0	Ericka	Oaks	eoaks5n@msn.com	Female	True	650-603-0330
205.0	Moss	Alan	malan5o@mlb.com	Male	False	417-506-1367
206.0	Judon	Walbrun	jwalbrun5p@hhs.gov	Male	True	470-293-4978
207.0	Jeana	Weeden	jweeden5q@icq.com	Polygender	True	977-385-3632
208.0	Courtenay	Preto	cpreto5r@over-blog.com	Female	False	656-432-0156
209.0	Theobald	Bottleson	tbottleson5s@opensource.org	Male	True	808-914-2652
210.0	Chrissy	Newell	cnewell5t@soundcloud.com	Female	True	202-217-1033
211.0	Westbrooke	Mansel	wmansel5u@bluehost.com	Male	True	331-570-5568
212.0	Sayre	Bernardo	sbernardo5v@columbia.edu	Male	False	353-973-5708
213.0	Cacilia	Carruthers	ccarruthers5w@1688.com	Female	True	871-224-5444
214.0	Maritsa	Rawstorn	mrawstorn5x@fotki.com	Female	True	238-966-9757
215.0	Ware	Edess	wedess5y@163.com	Male	True	761-328-1535
216.0	Lazaro	Bolton	lbolton5z@joomla.org	Male	False	150-215-7119
217.0	Izaak	Edmeads	iedmeads60@wikia.com	Male	False	157-526-6531
218.0	Marco	Sygroves	msygroves61@google.co.jp	Male	True	810-706-7878
219.0	Margi	Elsmore	melsmore62@rakuten.co.jp	Female	False	332-403-7850
220.0	Theodoric	Madsen	tmadsen63@boston.com	Male	True	977-484-7695
221.0	Mayer	St. Paul	mstpaul64@themeforest.net	Male	True	557-245-6150
222.0	Rubetta	Dreinan	rdreinan65@utexas.edu	Female	True	538-950-3425
223.0	Adair	Bearns	abearns66@cmu.edu	Male	True	119-506-4790
224.0	Ignazio	Duggon	iduggon67@wikispaces.com	Male	False	691-897-1555
225.0	Lionel	Falloon	lfalloon68@va.gov	Male	True	402-254-8625
226.0	Joyan	Kingdon	jkingdon69@fc2.com	Female	True	496-519-0927
227.0	Camile	Stenson	cstenson6a@redcross.org	Female	True	858-898-6788
228.0	Barrie	Ravenshaw	bravenshaw6b@a8.net	Female	True	739-123-4788
229.0	Aubree	McGuff	amcguff6c@google.it	Female	False	827-853-4972
230.0	Thomasin	Von Der Empten	tvonderempten6d@xrea.com	Female	True	907-610-4002
231.0	Clyve	Sunshine	csunshine6e@walmart.com	Male	False	667-375-7393
232.0	Serena	Adds	sadds6f@phoca.cz	Female	False	698-997-7188
233.0	Juliet	Sweed	jsweed6g@auda.org.au	Female	True	857-783-4037
234.0	Babb	Browse	bbrowse6h@wsj.com	Female	False	539-192-9415
235.0	Linn	Pedycan	lpedycan6i@hugedomains.com	Female	True	990-800-0964
236.0	Guthrie	Chestney	gchestney6j@businesswire.com	Male	False	827-337-2963
237.0	Jakob	Bruineman	jbruineman6k@163.com	Male	False	558-965-1648
238.0	Alika	Lebreton	alebreton6l@si.edu	Female	False	359-674-4855
239.0	Gaby	Foster-Smith	gfostersmith6m@blinklist.com	Female	True	200-676-9252
240.0	Gaby	Wonfor	gwonfor6n@hao123.com	Male	True	508-920-3412
241.0	Kinny	Toy	ktoy6o@va.gov	Male	False	226-626-7895
242.0	Mirella	Defrain	mdefrain6p@google.nl	Female	False	199-283-1023
243.0	Evey	Esslemont	eesslemont6q@foxnews.com	Female	False	548-896-4705
244.0	Elita	Hillan	ehillan6r@ftc.gov	Female	False	327-648-3359
245.0	Rorie	Simoes	rsimoes6s@cnet.com	Female	False	480-419-1209
246.0	Leola	Cordet	lcordet6t@pinterest.com	Female	True	374-895-0840
247.0	Harvey	Fawthrop	hfawthrop6u@loc.gov	Male	True	915-570-5905
248.0	Egbert	Apfler	eapfler6v@epa.gov	Male	True	579-177-7762
249.0	Zaccaria	Rapkins	zrapkins6w@example.com	Male	False	924-795-2124
250.0	Bren	Prestedge	bprestedge6x@smugmug.com	Male	False	421-117-1561
251.0	Johann	Bartkiewicz	jbartkiewicz6y@t-online.de	Male	False	764-626-2238
252.0	Bridgette	Heinonen	bheinonen6z@europa.eu	Bigender	True	194-537-6302
253.0	Alain	Yarker	ayarker70@boston.com	Male	False	939-535-2400
254.0	Claudius	Belchamp	cbelchamp71@si.edu	Male	False	781-541-3547
255.0	Clayborn	Geake	cgeake72@simplemachines.org	Male	True	374-413-1453
256.0	Bat	Pearsall	bpearsall73@nature.com	Male	False	630-321-4538
257.0	Verile	Dewey	vdewey74@printfriendly.com	Female	False	200-719-0819
258.0	Jacquette	Marquiss	jmarquiss75@ox.ac.uk	Female	True	546-764-3449
259.0	Mervin	Trowbridge	mtrowbridge76@marriott.com	Male	True	754-139-1245
260.0	Pierrette	Couves	pcouves77@fema.gov	Female	True	997-462-7090
261.0	Marvin	Callendar	mcallendar78@mayoclinic.com	Male	False	820-257-7454
262.0	Wally	Doucette	wdoucette79@artisteer.com	Male	False	396-765-0917
263.0	Godfry	Hanratty	ghanratty7a@cargocollective.com	Male	True	993-852-5891
264.0	Shurlock	Elmore	selmore7b@addtoany.com	Male	False	665-971-5386
265.0	Shanan	Jarad	sjarad7c@oaic.gov.au	Male	False	131-102-8649
266.0	Rozalin	Souza	rsouza7d@aboutads.info	Female	True	953-321-7274
267.0	Dredi	Berryann	dberryann7e@technorati.com	Female	False	230-473-9909
268.0	Filip	Waterstone	fwaterstone7f@free.fr	Male	True	965-305-8702
269.0	Lonna	Heinsh	lheinsh7g@addthis.com	Female	True	863-932-8712
270.0	Felice	Railton	frailton7h@google.com.hk	Male	True	242-570-7352
271.0	Marne	Wyse	mwyse7i@npr.org	Female	False	470-176-2261
272.0	Lock	Barr	lbarr7j@com.com	Male	False	950-211-0654
273.0	Andrej	Andreu	aandreu7k@washington.edu	Bigender	False	332-360-2484
274.0	Conchita	Collinette	ccollinette7l@nationalgeographic.com	Female	False	827-360-8488
275.0	Edwin	Stancliffe	estancliffe7m@wp.com	Male	False	449-753-2257
276.0	Hieronymus	Feasley	hfeasley7n@eventbrite.com	Male	True	998-589-0740
277.0	Darbie	Vittel	dvittel7o@moonfruit.com	Female	True	576-108-2174
278.0	Priscilla	Kinsella	pkinsella7p@smh.com.au	Female	False	372-444-4410
279.0	Erroll	Orneles	eorneles7q@ucoz.ru	Male	False	173-763-7720
280.0	Ros	Hollyer	rhollyer7r@ca.gov	Female	True	809-900-3425
281.0	Brigitta	Gooders	bgooders7s@uol.com.br	Female	False	612-310-4308
282.0	Jaime	Loudyan	jloudyan7t@google.com.br	Female	True	730-841-7728
283.0	Ted	Burle	tburle7u@prnewswire.com	Genderfluid	False	783-408-8423
284.0	Craggie	Hawkes	chawkes7v@nih.gov	Male	True	484-944-3322
285.0	Trixi	Killock	tkillock7w@foxnews.com	Female	True	742-784-4937
286.0	Carilyn	Carnilian	ccarnilian7x@flavors.me	Female	False	858-422-8288
287.0	Nikola	MacNeillie	nmacneillie7y@zimbio.com	Male	False	135-682-4920
288.0	Olav	De Launde	odelaunde7z@bluehost.com	Polygender	False	117-377-3885
289.0	Kari	Pawfoot	kpawfoot80@linkedin.com	Female	False	438-651-6390
290.0	Olympe	Goodluck	ogoodluck81@php.net	Female	True	106-297-4661
291.0	Sonnie	Rowlett	srowlett82@walmart.com	Female	False	760-597-1071
292.0	Tania	Privett	tprivett83@chron.com	Female	False	626-168-4161
293.0	Helaine	Fairpool	hfairpool84@vimeo.com	Female	False	836-795-8679
294.0	Damara	Mityushin	dmityushin85@163.com	Female	False	823-637-8632
295.0	Lorens	Luciani	lluciani86@unicef.org	Male	True	312-319-1768
296.0	Selig	Carletto	scarletto87@mediafire.com	Male	True	553-562-3308
297.0	Iggy	Tinkler	itinkler88@loc.gov	Male	True	833-873-9288
298.0	Abbe	Beswick	abeswick89@omniture.com	Male	True	460-762-5117
299.0	Bo	McCarty	bmccarty8a@furl.net	Male	False	750-409-1156
300.0	Addie	Lisimore	alisimore8b@gnu.org	Female	True	906-635-1524
301.0	Rafaellle	McLugish	rmclugish8c@guardian.co.uk	Male	True	364-951-9620
302.0	Harold	Ghelerdini	hghelerdini8d@163.com	Male	True	430-295-9680
303.0	Ina	Tremblet	itremblet8e@wsj.com	Female	False	816-131-3998
304.0	Asa	Cretney	acretney8f@elegantthemes.com	Male	False	306-341-5429
305.0	Lief	Tattersdill	ltattersdill8g@goodreads.com	Male	False	942-845-9717
306.0	Eberhard	Phlippsen	ephlippsen8h@toplist.cz	Male	True	490-813-5774
307.0	Nadean	Wilgar	nwilgar8i@1688.com	Female	True	765-215-9004
308.0	Somerset	Daviot	sdaviot8j@imageshack.us	Male	True	771-170-6209
309.0	Kori	Davidsohn	kdavidsohn8k@mapquest.com	Female	True	981-414-2839
310.0	Greggory	Jessep	gjessep8l@amazon.com	Male	False	222-252-5469
311.0	Gherardo	Scotchforth	gscotchforth8m@vk.com	Male	False	189-724-3077
312.0	Gard	Goodinson	ggoodinson8n@mapquest.com	Male	True	411-493-3293
313.0	Alexandre	Morbey	amorbey8o@goodreads.com	Polygender	False	803-395-4878
314.0	Blair	Galtone	bgaltone8p@tumblr.com	Female	True	355-181-0247
315.0	Misty	Kassel	mkassel8q@tuttocitta.it	Female	True	465-798-3048
316.0	Brigitta	Bouldstridge	bbouldstridge8r@nba.com	Female	True	332-330-5866
317.0	Alanson	Dolling	adolling8s@plala.or.jp	Male	False	631-493-1417
318.0	Dulci	Catling	dcatling8t@diigo.com	Genderfluid	False	647-650-2664
319.0	Jacenta	Comelli	jcomelli8u@kickstarter.com	Non-binary	False	716-318-4456
320.0	Natividad	Girtin	ngirtin8v@google.com.br	Genderfluid	False	169-239-0954
321.0	Marleen	Gavozzi	mgavozzi8w@wiley.com	Female	False	344-730-2724
322.0	Aindrea	Mordacai	amordacai8x@istockphoto.com	Female	False	202-759-5031
323.0	Stanwood	Rehn	srehn8y@slideshare.net	Male	True	103-886-6570
324.0	Loydie	Pye	lpye8z@wikimedia.org	Male	False	415-584-6998
325.0	Preston	Leere	pleere90@seattletimes.com	Male	True	333-431-0389
326.0	Gearalt	Elnaugh	gelnaugh91@behance.net	Male	True	434-820-3743
327.0	Antons	Raynton	araynton92@example.com	Male	False	805-988-1226
328.0	Cirstoforo	Fretwell	cfretwell93@vk.com	Male	True	425-780-1153
329.0	Velvet	Ruddom	vruddom94@rediff.com	Female	False	984-767-7004
330.0	Erminie	Pigrome	epigrome95@china.com.cn	Female	True	872-996-1597
331.0	Baldwin	Cuttelar	bcuttelar96@slashdot.org	Male	False	378-936-3990
332.0	Else	Matiewe	ematiewe97@blogspot.com	Female	False	169-864-7003
333.0	Jami	Bocking	jbocking98@goo.ne.jp	Female	False	991-233-1798
334.0	Kendall	Tineman	ktineman99@phoca.cz	Male	False	725-304-1622
335.0	Kellen	Perago	kperago9a@army.mil	Male	True	949-879-5666
336.0	Spenser	Parrish	sparrish9b@rambler.ru	Male	False	647-604-1859
337.0	Carce	Dymock	cdymock9c@bigcartel.com	Male	True	744-330-3829
338.0	Archibold	Tarquini	atarquini9d@pcworld.com	Male	False	871-808-6076
339.0	Alexandra	De Witt	adewitt9e@bbb.org	Female	True	224-930-6801
340.0	Kiley	Burge	kburge9f@1688.com	Genderqueer	False	408-587-6577
341.0	Marcy	Reglar	mreglar9g@chicagotribune.com	Female	False	602-693-2154
342.0	Irma	Beddie	ibeddie9h@noaa.gov	Female	False	263-983-0790
343.0	Sara-ann	Davio	sdavio9i@stumbleupon.com	Female	True	633-369-5586
344.0	Nicko	Netherwood	nnetherwood9j@friendfeed.com	Male	True	666-167-3096
345.0	Vikki	Smoote	vsmoote9k@jimdo.com	Female	True	438-188-3193
346.0	Gladys	Gaine of England	ggaineofengland9l@alexa.com	Female	True	495-412-4851
347.0	Spike	Grono	sgrono9m@yahoo.com	Male	True	879-251-8085
348.0	Davis	Yousef	dyousef9n@cnet.com	Male	True	750-762-7840
349.0	Dorian	Bonsul	dbonsul9o@prweb.com	Male	True	991-112-9745
350.0	Umeko	Pask	upask9p@mail.ru	Genderqueer	True	113-285-5952
351.0	Caria	McKeon	cmckeon9q@squarespace.com	Female	False	880-392-0280
352.0	Gris	Shovelton	gshovelton9r@bing.com	Male	False	795-780-4243
353.0	Gaston	Hayth	ghayth9s@myspace.com	Male	True	172-572-7062
354.0	George	Mose	gmose9t@storify.com	Female	False	414-200-7266
355.0	Ricky	Hartill	rhartill9u@fda.gov	Male	True	760-540-8543
356.0	Web	Concannon	wconcannon9v@upenn.edu	Male	False	412-526-7117
357.0	Augusta	Golborn	agolborn9w@dailymotion.com	Female	True	371-162-0287
358.0	Ichabod	Borsi	iborsi9x@free.fr	Male	False	593-652-8503
359.0	Benedetto	Roselli	broselli9y@java.com	Male	False	327-968-8436
360.0	Erskine	Crim	ecrim9z@jugem.jp	Male	True	207-375-4844
361.0	Hunter	Deaves	hdeavesa0@msn.com	Male	False	859-888-6264
362.0	Diane-marie	Fassbender	dfassbendera1@marriott.com	Female	True	806-397-3604
363.0	Mandel	Skea	mskeaa2@google.nl	Male	True	693-955-4727
364.0	Marsh	Biggs	mbiggsa3@plala.or.jp	Male	False	977-302-8761
365.0	Gael	Quaif	gquaifa4@friendfeed.com	Male	False	285-967-8094
366.0	Frederick	Perrelle	fperrellea5@uol.com.br	Male	False	877-758-3488
367.0	Maud	Vipan	mvipana6@google.com.hk	Female	False	791-383-3098
368.0	Franklyn	Mitham	fmithama7@xing.com	Male	True	653-427-0302
369.0	Brunhilde	Eastby	beastbya8@desdev.cn	Female	True	829-924-7612
370.0	Mitchell	MacTurlough	mmacturlougha9@utexas.edu	Male	False	724-804-3493
371.0	Riccardo	Seares	rsearesaa@storify.com	Bigender	False	918-583-7680
372.0	Kendra	Tellwright	ktellwrightab@photobucket.com	Female	False	811-940-6487
373.0	Sholom	Leeburne	sleeburneac@cocolog-nifty.com	Male	False	949-219-2061
374.0	Robbyn	Minnette	rminnettead@google.nl	Female	True	321-298-0941
375.0	Diana	Bascomb	dbascombae@netvibes.com	Female	True	619-196-3959
376.0	Yul	Nosworthy	ynosworthyaf@sun.com	Male	True	745-101-0927
377.0	Robyn	Trobe	rtrobeag@harvard.edu	Female	False	227-144-4075
378.0	Borg	Butrimovich	bbutrimovichah@mac.com	Male	True	249-734-1243
379.0	Francesco	Szymaniak	fszymaniakai@washingtonpost.com	Male	True	260-648-2954
380.0	Sasha	Berger	sbergeraj@jiathis.com	Male	False	684-783-6081
381.0	Dewie	Peak	dpeakak@unc.edu	Male	True	689-382-8316
382.0	Byrom	Persence	bpersenceal@unblog.fr	Genderqueer	True	815-120-8608
383.0	Marge	Georges	mgeorgesam@pcworld.com	Female	True	770-247-7244
384.0	Elmira	Whitecross	ewhitecrossan@cornell.edu	Female	False	600-673-1312
385.0	Gaylor	Jaxon	gjaxonao@usa.gov	Male	False	826-300-0552
386.0	Silvano	Crallan	scrallanap@pen.io	Bigender	False	923-746-2813
387.0	Jamey	Perell	jperellaq@about.me	Male	True	358-214-2878
388.0	Ulick	Brownlee	ubrownleear@sohu.com	Genderfluid	False	755-965-2236
389.0	Tulley	Faier	tfaieras@whitehouse.gov	Male	True	271-518-2509
390.0	Morie	Aisthorpe	maisthorpeat@reddit.com	Genderfluid	False	466-652-8368
391.0	Roberto	Jamison	rjamisonau@wsj.com	Genderfluid	False	202-938-5497
392.0	Cleavland	Klosser	cklosserav@businessinsider.com	Male	True	689-525-6421
393.0	Baxy	Sekulla	bsekullaaw@reverbnation.com	Bigender	True	942-206-1925
394.0	Chariot	Benediktovich	cbenediktovichax@berkeley.edu	Polygender	False	856-238-5601
395.0	Mylo	Slowley	mslowleyay@wp.com	Male	False	957-793-8086
396.0	Ronda	Peat	rpeataz@elpais.com	Female	True	164-255-2116
397.0	Chere	Crookes	ccrookesb0@bravesites.com	Female	True	759-589-5799
398.0	Leonie	Milstead	lmilsteadb1@redcross.org	Female	False	298-407-9677
399.0	Kari	McDonnell	kmcdonnellb2@wsj.com	Female	True	278-530-7583
400.0	Almire	Vinick	avinickb3@meetup.com	Female	True	840-844-4275
401.0	Bo	Arguile	barguileb4@weebly.com	Male	True	102-137-1074
402.0	Rosalinda	Beretta	rberettab5@com.com	Female	False	677-674-6481
403.0	Romona	Munroe	rmunroeb6@ebay.co.uk	Female	True	944-254-3599
404.0	Ania	Algie	aalgieb7@soup.io	Female	False	631-867-4213
405.0	Alexandros	Nannini	ananninib8@washington.edu	Non-binary	False	299-806-8079
406.0	Reeva	Locker	rlockerb9@unc.edu	Polygender	True	964-911-0242
407.0	Bartel	Greenham	bgreenhamba@wiley.com	Male	True	891-895-0144
408.0	Tyler	Branno	tbrannobb@netscape.com	Male	False	615-701-9914
409.0	Darcey	Beceril	dbecerilbc@wordpress.org	Female	False	657-893-1810
410.0	Boone	Casellas	bcasellasbd@weather.com	Male	True	154-598-0876
411.0	Bondie	Trevaskis	btrevaskisbe@soup.io	Male	True	923-122-3891
412.0	Bjorn	Gerok	bgerokbf@independent.co.uk	Male	False	427-242-2805
413.0	Rozalin	Waslin	rwaslinbg@webnode.com	Female	True	937-156-5538
414.0	Betsy	Gerlack	bgerlackbh@live.com	Genderqueer	False	598-769-6890
415.0	Gordon	Ascough	gascoughbi@cyberchimps.com	Male	False	672-696-4993
416.0	Karen	Byart	kbyartbj@wp.com	Female	False	823-121-8433
417.0	Eula	Furtado	efurtadobk@hexun.com	Female	True	518-809-3674
418.0	Wynne	Gilhooley	wgilhooleybl@japanpost.jp	Female	True	309-943-2137
419.0	Eduardo	Vicent	evicentbm@uiuc.edu	Male	True	478-668-0936
420.0	Ernesto	Newvell	enewvellbn@hexun.com	Male	False	474-108-0613
421.0	Keith	Gange	kgangebo@storify.com	Male	False	599-988-2383
422.0	Lowell	Slator	lslatorbp@java.com	Male	False	760-593-9429
423.0	Leeann	Marval	lmarvalbq@unicef.org	Polygender	True	495-622-0184
424.0	Berget	Meagher	bmeagherbr@businesswire.com	Female	True	304-301-2765
425.0	Karee	Gunstone	kgunstonebs@elpais.com	Female	False	286-201-9544
426.0	Henry	Gregorowicz	hgregorowiczbt@ask.com	Male	True	409-958-8963
427.0	Odetta	Nash	onashbu@google.com.br	Female	True	816-346-3964
428.0	Jarrad	Limb	jlimbbv@smugmug.com	Male	True	524-401-5054
429.0	Jean	Bruckenthal	jbruckenthalbw@cam.ac.uk	Female	True	303-159-7650
430.0	Georgy	O'Rourke	gorourkebx@vinaora.com	Male	False	467-830-3772
431.0	Bebe	Sudran	bsudranby@comsenz.com	Agender	True	266-851-7523
432.0	Dell	Biggs	dbiggsbz@intel.com	Male	False	695-521-4854
433.0	Anatollo	Summerlad	asummerladc0@un.org	Male	True	116-574-0770
434.0	Connor	Denson	cdensonc1@senate.gov	Male	False	319-282-8384
435.0	Fawnia	Bolle	fbollec2@woothemes.com	Female	False	288-204-0868
436.0	Mirabelle	Gegg	mgeggc3@sciencedirect.com	Female	True	447-310-6817
437.0	Orlan	Dorot	odorotc4@mysql.com	Genderfluid	True	477-538-1130
438.0	Camala	Grubbe	cgrubbec5@alibaba.com	Female	True	266-162-8172
439.0	Brietta	Martino	bmartinoc6@g.co	Female	True	116-318-6373
440.0	Georgena	Petrulis	gpetrulisc7@usgs.gov	Female	True	302-324-9817
441.0	Annora	Mew	amewc8@cdc.gov	Agender	True	555-610-0975
442.0	Danya	Pallas	dpallasc9@cloudflare.com	Male	False	139-989-6413
443.0	Andree	Husband	ahusbandca@ask.com	Female	False	133-948-8476
444.0	Cyndie	Tremayle	ctremaylecb@businessinsider.com	Female	True	387-578-5747
445.0	Karie	Dawidman	kdawidmancc@gizmodo.com	Female	True	638-485-0265
446.0	Deedee	Tubble	dtubblecd@merriam-webster.com	Female	False	467-703-1196
447.0	Dayle	Kivelle	dkivellece@elpais.com	Female	True	933-675-0096
448.0	Ashlen	Scaysbrook	ascaysbrookcf@ucoz.ru	Female	True	272-801-5919
449.0	Gareth	Caret	gcaretcg@360.cn	Male	True	871-276-7369
450.0	Melly	Bernardez	mbernardezch@usgs.gov	Female	False	426-175-9355
451.0	Octavius	Eckhard	oeckhardci@imdb.com	Male	True	692-779-3770
452.0	Kylynn	Walsh	kwalshcj@geocities.com	Female	True	282-308-4773
453.0	Dalis	Lydiatt	dlydiattck@dailymail.co.uk	Male	True	370-428-3064
454.0	Christos	Wickes	cwickescl@blinklist.com	Male	False	233-262-2574
455.0	Grenville	Dann	gdanncm@rambler.ru	Male	False	391-433-8753
456.0	Bartlett	Kelwick	bkelwickcn@cnet.com	Male	False	753-560-8109
457.0	Dixie	Barkworth	dbarkworthco@chronoengine.com	Female	True	636-370-9846
458.0	Ronalda	Antonioni	rantonionicp@mlb.com	Female	True	101-957-3996
459.0	Blake	Braune	bbraunecq@pbs.org	Male	False	251-292-0843
460.0	Mal	Vedeniktov	mvedeniktovcr@booking.com	Genderqueer	False	578-785-2224
461.0	Beverly	Beretta	bberettacs@ucoz.ru	Female	False	730-737-3118
462.0	Sammy	Harmant	sharmantct@delicious.com	Non-binary	False	164-661-5922
463.0	Colette	Loachhead	cloachheadcu@goo.ne.jp	Female	False	607-449-1691
464.0	Jorry	Snead	jsneadcv@so-net.ne.jp	Female	False	858-269-7850
465.0	Valaree	Bonwell	vbonwellcw@woothemes.com	Female	False	334-192-1415
466.0	Ingra	Weatherell	iweatherellcx@cafepress.com	Male	True	140-242-8625
467.0	Lalo	Raffin	lraffincy@aol.com	Male	True	978-838-6539
468.0	Decca	Marrows	dmarrowscz@google.ru	Male	True	722-983-0175
469.0	Reese	Sleep	rsleepd0@topsy.com	Male	False	371-788-6904
470.0	Rhea	Andreucci	randreuccid1@netlog.com	Female	False	865-459-9885
471.0	Dominique	Charopen	dcharopend2@mtv.com	Male	True	462-116-5378
472.0	Sauveur	Henningham	shenninghamd3@bloomberg.com	Male	False	290-230-7943
473.0	Alis	Trundle	atrundled4@un.org	Polygender	False	552-365-4621
474.0	Fifi	Riddles	friddlesd5@jiathis.com	Female	False	102-881-3542
475.0	Ahmed	Merle	amerled6@cisco.com	Male	True	805-281-2974
476.0	Donella	Simoncelli	dsimoncellid7@google.cn	Female	True	530-948-1593
477.0	Melli	Chowne	mchowned8@sohu.com	Female	False	980-114-5630
478.0	Roseanna	Grouse	rgroused9@csmonitor.com	Female	True	582-383-9741
479.0	Vachel	Larrie	vlarrieda@reference.com	Male	True	616-944-9140
480.0	Nichol	Devonside	ndevonsidedb@lycos.com	Female	True	819-837-5932
481.0	Eileen	Dunklee	edunkleedc@slashdot.org	Female	False	218-890-5012
482.0	Elinore	Demangel	edemangeldd@purevolume.com	Female	False	504-822-8782
483.0	Ted	Stanlick	tstanlickde@google.com.au	Female	True	586-223-9448
484.0	Pamelina	Knowling	pknowlingdf@infoseek.co.jp	Female	True	522-840-6938
485.0	Melodee	Willshire	mwillshiredg@hatena.ne.jp	Female	False	108-700-7511
486.0	Clemence	Konertz	ckonertzdh@macromedia.com	Female	False	464-122-5778
487.0	Shanna	Martland	smartlanddi@mlb.com	Female	True	310-256-0361
488.0	Neala	Waistall	nwaistalldj@nifty.com	Female	False	213-564-5952
489.0	Madlin	de Courcey	mdecourceydk@china.com.cn	Female	False	849-461-8956
490.0	Julina	Michele	jmicheledl@telegraph.co.uk	Female	False	684-723-3961
491.0	Urbain	Vannikov	uvannikovdm@virginia.edu	Male	True	943-756-4830
492.0	Trever	McTrustrie	tmctrustriedn@house.gov	Male	False	658-119-3345
493.0	Rollie	Hawkey	rhawkeydo@tiny.cc	Male	False	948-662-6656
494.0	Ophelie	Scurrah	oscurrahdp@squarespace.com	Female	True	316-143-7494
495.0	Reinald	Ickovits	rickovitsdq@independent.co.uk	Male	True	222-757-8434
496.0	Carine	Blethin	cblethindr@alexa.com	Female	True	375-355-3616
497.0	Fiona	Cullingford	fcullingfordds@usnews.com	Female	True	378-972-9646
498.0	Delila	Franklyn	dfranklyndt@acquirethisname.com	Female	True	276-318-8727
499.0	Fidel	Secret	fsecretdu@ezinearticles.com	Male	True	228-860-7928
500.0	Renate	Wadhams	rwadhamsdv@163.com	Female	False	396-996-5507
501.0	Dani	Caught	dcaughtdw@google.ca	Female	False	188-928-1780
502.0	Arlin	Petroff	apetroffdx@taobao.com	Male	True	508-596-3893
503.0	Adorne	Duckinfield	aduckinfielddy@drupal.org	Female	False	597-590-8057
504.0	Silvana	Giller	sgillerdz@zimbio.com	Female	False	930-811-2074
505.0	Cullin	Barnsdall	cbarnsdalle0@people.com.cn	Male	True	292-126-5078
506.0	Evyn	De Moreno	edemorenoe1@latimes.com	Male	False	757-539-7525
507.0	Frayda	Gronaller	fgronallere2@ezinearticles.com	Female	True	399-698-9169
508.0	Paolina	Oganesian	poganesiane3@mysql.com	Female	True	650-351-9214
509.0	Joleen	Shields	jshieldse4@cmu.edu	Female	False	252-799-3125
510.0	Cordelia	Bennetts	cbennettse5@weibo.com	Female	False	602-668-3990
511.0	Lexy	McGrayle	lmcgraylee6@github.io	Female	False	831-879-7495
512.0	Filmore	Fossett	ffossette7@walmart.com	Male	False	836-849-4884
513.0	Wadsworth	Steggals	wsteggalse8@mlb.com	Male	False	787-767-7489
514.0	Helenka	Robson	hrobsone9@stanford.edu	Female	True	916-160-6373
515.0	Janella	Levay	jlevayea@gravatar.com	Female	False	848-559-6836
516.0	Christyna	Ayce	cayceeb@ask.com	Female	True	196-591-7757
517.0	Minny	Widocks	mwidocksec@mtv.com	Female	True	956-802-0132
518.0	Ingaborg	Costall	icostalled@vimeo.com	Female	True	705-452-2318
519.0	Milka	Pecha	mpechaee@barnesandnoble.com	Female	False	870-626-6528
520.0	Sayre	Aindrais	saindraisef@nymag.com	Male	False	336-930-0691
521.0	Kristoffer	Gatty	kgattyeg@arizona.edu	Male	False	582-773-6698
522.0	Roxi	Robinet	rrobineteh@youku.com	Female	False	193-458-4392
523.0	Ellerey	Trevithick	etrevithickei@imdb.com	Male	True	631-895-0069
524.0	Ophelie	Broomhead	obroomheadej@cdc.gov	Female	False	945-598-8084
525.0	Trescha	Pagett	tpagettek@columbia.edu	Female	False	985-829-3171
526.0	Giff	Mattevi	gmatteviel@oakley.com	Male	True	848-895-9608
527.0	Raven	Rosie	rrosieem@wisc.edu	Female	False	124-201-5406
528.0	Oralia	Phillip	ophillipen@rakuten.co.jp	Female	True	605-530-1018
529.0	Howard	Tidball	htidballeo@fotki.com	Male	False	248-315-1645
530.0	Beckie	Somerset	bsomersetep@wunderground.com	Female	True	215-427-8341
531.0	Nelly	Jiroudek	njiroudekeq@163.com	Polygender	False	302-844-4202
532.0	Dallis	Turl	dturler@phoca.cz	Male	False	167-674-2586
533.0	Stephanus	Maciaszek	smaciaszekes@elegantthemes.com	Male	True	815-569-6769
534.0	Marijo	Beevens	mbeevenset@ifeng.com	Female	True	689-427-5143
535.0	Shanda	Brannan	sbrannaneu@upenn.edu	Female	True	913-447-9138
536.0	Darrelle	Kerans	dkeransev@hc360.com	Female	False	585-770-3018
537.0	Kele	Melin	kmelinew@mlb.com	Male	False	916-954-8793
538.0	Jeremy	Benes	jbenesex@shutterfly.com	Male	True	350-419-7142
539.0	Itch	Pichmann	ipichmanney@shinystat.com	Male	True	897-370-7817
540.0	Gregoor	Veighey	gveigheyez@census.gov	Genderqueer	False	407-664-0063
541.0	Fanechka	Cavozzi	fcavozzif0@w3.org	Female	False	586-724-4943
542.0	Konstantin	Beresford	kberesfordf1@cornell.edu	Male	False	820-730-8672
543.0	Raye	Yearn	ryearnf2@etsy.com	Female	False	341-773-9174
544.0	Carmela	Dello	cdellof3@sourceforge.net	Female	True	272-145-2807
545.0	Colan	Catterick	ccatterickf4@bizjournals.com	Male	False	693-788-4278
546.0	Standford	Pryer	spryerf5@virginia.edu	Male	False	729-441-9475
547.0	Roscoe	Goldes	rgoldesf6@sogou.com	Male	False	998-288-8918
548.0	Meghann	Surgeoner	msurgeonerf7@typepad.com	Female	False	821-599-6292
549.0	Kaitlynn	Burkill	kburkillf8@nature.com	Female	False	242-209-5089
550.0	Beau	Fuentes	bfuentesf9@icq.com	Male	False	285-990-4945
551.0	Gerry	Fishbourn	gfishbournfa@bbc.co.uk	Genderfluid	False	331-431-6120
552.0	Crystie	Scotti	cscottifb@bigcartel.com	Female	False	299-611-1948
553.0	Bear	Carding	bcardingfc@tmall.com	Male	True	673-217-0974
554.0	Clywd	Chappelle	cchappellefd@businessweek.com	Male	False	614-538-0708
555.0	Eugenia	Hacard	ehacardfe@umich.edu	Female	True	953-986-2781
556.0	Guendolen	Taysbil	gtaysbilff@webeden.co.uk	Female	False	252-503-3211
557.0	Diannne	Trazzi	dtrazzifg@harvard.edu	Female	True	758-296-6847
558.0	Walden	Okenfold	wokenfoldfh@mysql.com	Genderfluid	False	462-883-2216
559.0	Jamima	Grasha	jgrashafi@gizmodo.com	Female	False	341-410-5876
560.0	Delila	Di Ruggero	ddiruggerofj@dropbox.com	Female	False	298-830-7840
561.0	Janean	Necrews	jnecrewsfk@marriott.com	Female	True	684-477-9595
562.0	Josee	Messenger	jmessengerfl@seesaa.net	Female	True	723-918-5583
563.0	Kanya	Ghidoli	kghidolifm@123-reg.co.uk	Non-binary	True	616-836-7362
564.0	Tammara	Bedwell	tbedwellfn@state.gov	Female	False	772-941-9625
565.0	Fanechka	Jess	fjessfo@deviantart.com	Female	True	383-689-8302
566.0	Sally	Bonnick	sbonnickfp@dmoz.org	Female	False	531-339-4507
567.0	Cathrin	Nuccitelli	cnuccitellifq@tiny.cc	Female	False	783-489-6006
568.0	Dukey	Ducroe	dducroefr@delicious.com	Male	False	321-721-2490
569.0	Sorcha	Seed	sseedfs@rambler.ru	Female	True	755-133-3224
570.0	Stirling	O'Tierney	sotierneyft@php.net	Male	True	501-116-0556
571.0	Arvie	Waiton	awaitonfu@cdbaby.com	Genderqueer	True	814-940-9144
572.0	Ardyth	Levins	alevinsfv@hubpages.com	Female	True	741-938-6872
573.0	Jordan	Fayne	jfaynefw@hao123.com	Male	True	480-688-1669
574.0	Jonathon	Rowney	jrowneyfx@si.edu	Bigender	False	943-172-8804
575.0	Maxy	Alvy	malvyfy@gov.uk	Female	False	980-949-3284
576.0	Vicki	Gudger	vgudgerfz@dedecms.com	Female	False	489-457-9877
577.0	Felipa	Welch	fwelchg0@cornell.edu	Female	False	824-122-9020
578.0	Ivonne	Bollini	ibollinig1@ted.com	Female	True	729-675-0281
579.0	Burlie	Wendover	bwendoverg2@stanford.edu	Male	False	794-773-3232
580.0	Kellie	Petticrew	kpetticrewg3@altervista.org	Bigender	True	631-886-3709
581.0	Ninette	Corteney	ncorteneyg4@abc.net.au	Female	False	820-544-8520
582.0	Ulick	Brunskill	ubrunskillg5@msn.com	Bigender	True	248-389-8329
583.0	Hercules	Gillott	hgillottg6@dropbox.com	Male	True	139-128-9591
584.0	Care	Graeme	cgraemeg7@constantcontact.com	Male	False	316-883-5235
585.0	Farr	Snellman	fsnellmang8@acquirethisname.com	Male	False	873-257-2745
586.0	Edithe	Bonniface	ebonnifaceg9@opera.com	Female	True	851-766-0949
587.0	Gerrilee	Ellard	gellardga@cbc.ca	Female	True	922-694-9595
588.0	Bernarr	Djuricic	bdjuricicgb@mapy.cz	Male	False	994-484-4704
589.0	Marrissa	Iacopini	miacopinigc@google.com.hk	Female	False	198-883-6607
590.0	Michail	Grovier	mgroviergd@scientificamerican.com	Bigender	True	764-394-5544
591.0	Carlota	Kirke	ckirkege@a8.net	Female	False	273-265-9877
592.0	Thebault	Guillond	tguillondgf@mediafire.com	Male	True	552-173-0139
593.0	Niall	Rolfo	nrolfogg@google.es	Male	False	549-159-2015
594.0	Nancey	Polon	npolongh@icio.us	Female	True	181-835-4576
595.0	Hyacinthie	Pucknell	hpucknellgi@amazon.co.uk	Female	False	906-512-4667
596.0	Winnifred	Scarse	wscarsegj@gravatar.com	Non-binary	True	714-421-4366
597.0	Bryce	Eynon	beynongk@ow.ly	Genderqueer	False	481-611-0313
598.0	Cleon	Baguley	cbaguleygl@woothemes.com	Male	False	305-708-4216
599.0	Goran	Rymour	grymourgm@ted.com	Agender	True	729-651-7713
600.0	Anthea	Fawdry	afawdrygn@google.com.au	Female	False	221-547-9003
601.0	Avery	Balsdon	abalsdongo@hibu.com	Male	False	418-786-9943
602.0	Der	Heazel	dheazelgp@sogou.com	Male	True	469-906-4061
603.0	Parke	Lasslett	plasslettgq@i2i.jp	Male	False	478-653-3308
604.0	Jammal	Arkley	jarkleygr@wix.com	Male	False	247-841-9967
605.0	Jacky	Luna	jlunags@sakura.ne.jp	Male	True	957-226-6415
606.0	Seymour	Antonsen	santonsengt@abc.net.au	Genderqueer	True	374-681-2239
607.0	Garrard	Crosscombe	gcrosscombegu@webeden.co.uk	Male	False	351-368-8927
608.0	Kylila	Tipens	ktipensgv@ucla.edu	Polygender	True	575-787-1604
609.0	Isa	Ewence	iewencegw@mashable.com	Male	False	269-961-6899
610.0	Janaya	Greguoli	jgreguoligx@nba.com	Female	True	188-954-1084
611.0	Gunther	Chieco	gchiecogy@jigsy.com	Male	False	285-633-8077
612.0	Gabrielle	Frangione	gfrangionegz@technorati.com	Female	False	767-881-7748
613.0	Abel	Rutgers	arutgersh0@infoseek.co.jp	Male	False	336-831-3270
614.0	Conn	Dartnall	cdartnallh1@skyrock.com	Male	True	114-744-8368
615.0	Sophi	Mustchin	smustchinh2@printfriendly.com	Female	False	439-472-4390
616.0	Beilul	Selvey	bselveyh3@unicef.org	Female	True	754-491-6156
617.0	Heddi	Marzelli	hmarzellih4@bbb.org	Female	True	118-718-7951
618.0	Selby	Clutheram	sclutheramh5@vkontakte.ru	Male	True	832-921-8283
619.0	Vannie	Anscombe	vanscombeh6@ehow.com	Female	False	515-343-7406
620.0	Nye	Martell	nmartellh7@t-online.de	Male	True	531-503-3292
621.0	Granthem	Leebetter	gleebetterh8@google.cn	Male	False	105-338-8251
622.0	Coretta	Elvish	celvishh9@dailymail.co.uk	Female	False	362-291-2348
623.0	Ara	Blankau	ablankauha@bloglovin.com	Genderfluid	True	977-447-4051
624.0	Mavra	Toffts	mtofftshb@webs.com	Female	True	997-185-3808
625.0	Bryanty	Roalfe	broalfehc@cdbaby.com	Male	True	799-374-6985
626.0	Alaine	Hembery	ahemberyhd@phpbb.com	Female	True	489-445-7546
627.0	Abe	Dienes	adieneshe@quantcast.com	Male	True	643-151-7748
628.0	Rad	Kiefer	rkieferhf@hexun.com	Male	True	128-895-4068
629.0	Gerladina	Bredgeland	gbredgelandhg@ihg.com	Female	True	847-732-4664
630.0	Roxie	Pettet	rpettethh@ocn.ne.jp	Female	True	459-466-2812
631.0	Elana	Mico	emicohi@multiply.com	Female	True	955-345-9134
632.0	Nilson	McAuley	nmcauleyhj@umich.edu	Male	True	235-632-9187
633.0	Vaughan	Speenden	vspeendenhk@ihg.com	Male	True	973-496-4868
634.0	Heriberto	Aspell	haspellhl@marketwatch.com	Male	True	821-108-3853
635.0	Kienan	Weatherby	kweatherbyhm@macromedia.com	Male	False	905-614-8387
636.0	Linnea	Warr	lwarrhn@e-recht24.de	Female	False	980-269-2531
637.0	Katharina	Luckett	kluckettho@berkeley.edu	Female	False	782-636-9115
638.0	Merry	Waldram	mwaldramhp@go.com	Male	False	831-720-8362
639.0	Blancha	Tupling	btuplinghq@ocn.ne.jp	Female	False	847-972-0526
640.0	Almeda	Lanfare	alanfarehr@soup.io	Female	True	552-698-3143
641.0	Prentice	Jeandeau	pjeandeauhs@topsy.com	Male	False	369-673-7576
642.0	Druci	Wethered	dwetheredht@aol.com	Agender	False	218-141-1116
643.0	Tabbitha	Capon	tcaponhu@t-online.de	Female	False	853-132-1904
644.0	Sigfried	Senogles	ssenogleshv@hostgator.com	Male	False	341-280-0541
645.0	Farlay	Tatford	ftatfordhw@ed.gov	Male	False	651-851-5091
646.0	Jefferey	Darnody	jdarnodyhx@twitpic.com	Genderfluid	False	302-558-6215
647.0	Kelcy	Chipman	kchipmanhy@friendfeed.com	Polygender	False	599-268-8560
648.0	Zabrina	Minister	zministerhz@cnbc.com	Female	False	547-390-3574
649.0	Hunter	McCurtin	hmccurtini0@shareasale.com	Bigender	True	195-216-6912
650.0	Chester	Tomasik	ctomasiki1@tiny.cc	Male	True	764-840-6035
651.0	Ward	Golden	wgoldeni2@pen.io	Polygender	True	697-719-9322
652.0	Cleveland	Sesser	csesseri3@disqus.com	Male	True	306-495-4533
653.0	Freddi	Shelvey	fshelveyi4@ustream.tv	Female	False	481-293-6430
654.0	Jonathon	Tenman	jtenmani5@linkedin.com	Male	False	787-969-2135
655.0	Rivalee	Sumsion	rsumsioni6@simplemachines.org	Female	False	231-571-2504
656.0	Luisa	Bennion	lbennioni7@lycos.com	Agender	False	809-140-4977
657.0	Ode	Rann	oranni8@ted.com	Male	False	866-781-1804
658.0	Vin	Brown	vbrowni9@mit.edu	Male	True	475-874-0486
659.0	Arron	Ruston	arustonia@flickr.com	Male	False	621-675-3996
660.0	Desirae	End	dendib@earthlink.net	Female	True	256-965-7438
661.0	Sholom	Hair	shairic@cbslocal.com	Male	False	961-520-1890
662.0	Hyacinthia	Meagh	hmeaghid@php.net	Agender	False	310-393-7703
663.0	Delainey	Beckmann	dbeckmannie@qq.com	Male	True	778-643-9108
664.0	Aharon	Dobney	adobneyif@prlog.org	Male	False	311-852-4275
665.0	Morse	Mannering	mmanneringig@tumblr.com	Male	True	163-543-3184
666.0	Mariquilla	Lotze	mlotzeih@economist.com	Female	False	204-880-5320
667.0	Flin	Scorthorne	fscorthorneii@nature.com	Male	False	914-253-4129
668.0	Cullan	Perryman	cperrymanij@google.ca	Male	True	719-423-6948
669.0	Tedman	Anslow	tanslowik@admin.ch	Male	False	151-481-3799
670.0	Ronnie	Seabrook	rseabrookil@wired.com	Female	True	570-169-0266
671.0	Olly	Langlois	olangloisim@bloglovin.com	Male	False	117-354-6518
672.0	Colas	Gulliver	cgulliverin@hhs.gov	Male	True	606-766-8461
673.0	Antons	Lambirth	alambirthio@example.com	Male	True	663-186-0242
674.0	Merci	Kneesha	mkneeshaip@linkedin.com	Female	False	168-734-2761
675.0	Carmela	MacPhail	cmacphailiq@example.com	Female	True	677-465-5578
676.0	Jacobo	Knowlman	jknowlmanir@smugmug.com	Male	True	232-616-2673
677.0	Morgen	Seamons	mseamonsis@marketwatch.com	Male	True	906-389-5508
678.0	Henryetta	Bartolijn	hbartolijnit@trellian.com	Female	True	258-549-4549
679.0	Keen	Warricker	kwarrickeriu@nasa.gov	Male	True	935-232-5993
680.0	Monro	Belliard	mbelliardiv@businesswire.com	Bigender	False	864-927-9565
681.0	Earl	Alton	ealtoniw@google.com.au	Male	False	902-445-7676
682.0	Kenyon	Artin	kartinix@ning.com	Male	False	836-192-4820
683.0	El	Panner	epanneriy@diigo.com	Male	False	508-710-9631
684.0	Andria	Cherry	acherryiz@state.gov	Female	False	200-305-9630
685.0	Wildon	Munson	wmunsonj0@oakley.com	Male	True	443-678-1248
686.0	Christiana	Stoop	cstoopj1@reuters.com	Female	False	166-876-3850
687.0	Anny	Philp	aphilpj2@noaa.gov	Female	False	358-634-2999
688.0	Levon	Sleep	lsleepj3@salon.com	Male	True	317-522-8844
689.0	Blondy	Giacoppoli	bgiacoppolij4@uol.com.br	Female	False	155-901-1558
690.0	Delmer	Annis	dannisj5@si.edu	Male	True	830-898-1527
691.0	Ericka	Carles	ecarlesj6@live.com	Genderqueer	True	814-708-4838
692.0	Adria	Dyte	adytej7@pinterest.com	Female	True	161-585-3221
693.0	Odie	Link	olinkj8@behance.net	Agender	True	450-966-7026
694.0	Talbert	Lamblin	tlamblinj9@parallels.com	Polygender	False	702-592-4510
695.0	Hortense	McKeney	hmckeneyja@macromedia.com	Female	False	866-864-5210
696.0	Huntley	Peyton	hpeytonjb@salon.com	Male	True	626-228-2077
697.0	Ekaterina	Trebble	etrebblejc@microsoft.com	Female	True	975-538-2250
698.0	Sonnie	Klein	skleinjd@gmpg.org	Male	True	266-250-7189
699.0	Albie	Yabsley	ayabsleyje@drupal.org	Male	True	384-530-3596
700.0	Pammi	Grisley	pgrisleyjf@unesco.org	Female	False	620-425-0269
701.0	Daryl	Cominoli	dcominolijg@illinois.edu	Non-binary	False	232-819-4892
702.0	Joey	Vallis	jvallisjh@mayoclinic.com	Genderfluid	True	447-345-6573
703.0	Hill	Casale	hcasaleji@php.net	Male	True	339-249-0758
704.0	Rab	Noonan	rnoonanjj@joomla.org	Polygender	True	294-273-4292
705.0	Bryon	Conan	bconanjk@patch.com	Male	True	124-660-1436
706.0	Kayla	Dewsbury	kdewsburyjl@wsj.com	Female	True	554-766-2128
707.0	Diahann	Evill	devilljm@nbcnews.com	Female	True	813-555-6948
708.0	Anya	Vonasek	avonasekjn@amazon.de	Female	False	555-187-1233
709.0	Field	Humphrey	fhumphreyjo@hp.com	Male	True	534-499-1446
710.0	Violante	Maidment	vmaidmentjp@example.com	Female	False	257-797-6054
711.0	Jeannie	Withers	jwithersjq@aol.com	Genderfluid	False	591-446-2219
712.0	Ilyssa	Addlestone	iaddlestonejr@google.com.au	Female	False	291-436-1922
713.0	Sarge	Seeler	sseelerjs@google.nl	Male	True	964-266-0575
714.0	Pat	Strowther	pstrowtherjt@theatlantic.com	Female	True	152-873-9494
715.0	Flo	Sheppey	fsheppeyju@phoca.cz	Female	True	107-376-8327
716.0	Farr	Novichenko	fnovichenkojv@google.co.uk	Male	False	708-179-2483
717.0	Booth	Grewes	bgrewesjw@vinaora.com	Male	False	724-412-7246
718.0	Walther	Hibling	whiblingjx@cafepress.com	Male	False	162-972-7038
719.0	Arney	Towler	atowlerjy@nature.com	Male	True	578-114-0203
720.0	Dorthy	Tennant	dtennantjz@ning.com	Female	True	549-426-1794
721.0	Liliane	Nunnery	lnunneryk0@msu.edu	Female	True	618-348-7542
722.0	Fowler	Pollie	fpolliek1@pen.io	Male	True	808-211-3586
723.0	Dell	Birds	dbirdsk2@answers.com	Male	True	371-613-3964
724.0	Harcourt	Tocher	htocherk3@opensource.org	Male	True	117-558-3397
725.0	Burk	Reedy	breedyk4@nature.com	Male	True	686-249-7286
726.0	Jefferey	Lawey	jlaweyk5@gov.uk	Male	True	270-905-0784
727.0	Meris	Greenhouse	mgreenhousek6@skype.com	Female	False	654-154-7284
728.0	Christiane	Wardlow	cwardlowk7@opensource.org	Female	True	186-960-8483
729.0	Gabriello	Mauvin	gmauvink8@alexa.com	Male	True	744-752-9433
730.0	Emlynne	Beldham	ebeldhamk9@nps.gov	Female	True	515-580-1499
731.0	Gertruda	Mosedale	gmosedaleka@washingtonpost.com	Female	True	779-611-6048
732.0	Neddy	Vasilevich	nvasilevichkb@elegantthemes.com	Male	False	218-178-4832
733.0	Betti	Summergill	bsummergillkc@bing.com	Female	True	817-779-7149
734.0	Cecelia	Radford	cradfordkd@mail.ru	Female	True	208-678-5406
735.0	El	Melledy	emelledyke@businesswire.com	Male	True	587-791-9624
736.0	Galvin	Epinoy	gepinoykf@angelfire.com	Male	True	909-728-9012
737.0	Thorin	Wrigglesworth	twrigglesworthkg@xrea.com	Male	False	926-746-0487
738.0	Keefer	Snassell	ksnassellkh@sohu.com	Male	True	484-481-4446
739.0	Shepard	Madge	smadgeki@behance.net	Male	False	297-453-7520
740.0	Granthem	Kincade	gkincadekj@mashable.com	Male	False	218-300-8762
741.0	Nerti	Wagon	nwagonkk@icio.us	Female	False	946-697-7102
742.0	Broddie	Mettericke	bmetterickekl@symantec.com	Male	True	217-775-7070
743.0	Enos	Willes	ewilleskm@so-net.ne.jp	Male	True	945-535-5141
744.0	Martin	Render	mrenderkn@mit.edu	Male	True	730-928-6502
745.0	Sarajane	Gillion	sgillionko@tmall.com	Female	False	312-795-4857
746.0	Blinni	Bolmann	bbolmannkp@hostgator.com	Female	True	818-610-7776
747.0	Cletus	Berzon	cberzonkq@google.ca	Male	False	859-290-2162
748.0	Millicent	Dumbelton	mdumbeltonkr@yelp.com	Female	False	679-323-9454
749.0	Tracie	Burman	tburmanks@twitter.com	Male	False	742-748-2160
750.0	Baxy	Kruszelnicki	bkruszelnickikt@latimes.com	Male	True	164-590-9888
751.0	Abeu	Simpkiss	asimpkissku@hubpages.com	Male	False	533-773-5309
752.0	Nadean	Malim	nmalimkv@wix.com	Female	True	780-491-5434
753.0	Raimund	Mahady	rmahadykw@scientificamerican.com	Male	True	710-836-5817
754.0	Florinda	Unthank	funthankkx@surveymonkey.com	Female	False	246-403-1716
755.0	Darcy	Maurice	dmauriceky@bizjournals.com	Male	False	505-103-2386
756.0	Kelli	Parncutt	kparncuttkz@scribd.com	Female	True	849-199-4710
757.0	Felike	Salack	fsalackl0@hugedomains.com	Male	False	624-235-7539
758.0	Jacquie	Rigden	jrigdenl1@mozilla.org	Female	True	188-523-0466
759.0	Bette-ann	Plait	bplaitl2@theatlantic.com	Female	True	225-663-0335
760.0	Shoshana	Flack	sflackl3@icq.com	Female	True	813-862-4712
761.0	Barb	Spary	bsparyl4@google.com.br	Female	False	958-352-2662
762.0	Jacki	Streetfield	jstreetfieldl5@digg.com	Female	True	957-886-2435
763.0	Bartlet	Kernaghan	bkernaghanl6@mit.edu	Male	False	777-718-5366
764.0	Rosabel	Golden of Ireland	rgoldenofirelandl7@unicef.org	Female	False	538-233-7726
765.0	Culley	Yakebowitch	cyakebowitchl8@scientificamerican.com	Polygender	False	742-831-6520
766.0	Mervin	Coucher	mcoucherl9@un.org	Male	False	647-237-7799
767.0	Nikola	Ellins	nellinsla@discovery.com	Male	True	115-554-6030
768.0	Charmion	Wingham	cwinghamlb@ucla.edu	Female	True	990-378-5740
769.0	Caye	Godlee	cgodleelc@cbsnews.com	Female	False	575-814-1707
770.0	Trefor	Pinder	tpinderld@google.ru	Male	True	592-990-1287
771.0	Jenilee	St Pierre	jstpierrele@netlog.com	Female	True	487-638-5426
772.0	Renault	Mitchelhill	rmitchelhilllf@wikia.com	Male	True	930-221-1913
773.0	Stanislaus	Domeny	sdomenylg@examiner.com	Male	False	494-287-6530
774.0	Steffen	Mutton	smuttonlh@seesaa.net	Non-binary	True	331-379-4468
775.0	Clevie	Ewer	cewerli@marriott.com	Male	True	821-116-1879
776.0	Goldy	Kingsmill	gkingsmilllj@geocities.jp	Genderfluid	False	430-367-2230
777.0	Edgardo	Heimann	eheimannlk@msn.com	Male	True	363-398-5603
778.0	Cad	MacGillespie	cmacgillespiell@taobao.com	Male	True	468-203-4581
779.0	Dar	Teek	dteeklm@naver.com	Polygender	True	168-334-2410
780.0	Aili	Luisetti	aluisettiln@shareasale.com	Female	True	494-426-6376
781.0	Eugene	Roncelli	eroncellilo@jiathis.com	Male	True	474-219-0333
782.0	Ignaz	Lanbertoni	ilanbertonilp@reverbnation.com	Male	False	192-240-5141
783.0	Aurelea	Silverthorne	asilverthornelq@furl.net	Female	True	250-146-0021
784.0	Bettina	Rennox	brennoxlr@php.net	Female	False	465-727-4685
785.0	Lorne	Palfery	lpalferyls@clickbank.net	Male	True	199-378-8517
786.0	Max	Cadwaladr	mcadwaladrlt@google.cn	Genderfluid	False	567-549-8790
787.0	Gipsy	Mongan	gmonganlu@wordpress.org	Female	True	342-213-9423
788.0	Freddie	Armiger	farmigerlv@w3.org	Male	True	822-420-2515
789.0	Griffy	Olcot	golcotlw@ebay.com	Male	True	925-311-9878
790.0	Hartwell	Easterling	heasterlinglx@tripod.com	Agender	False	347-948-7379
791.0	Irwinn	Kiebes	ikiebesly@ebay.co.uk	Male	True	911-229-9024
792.0	Henderson	Jermin	hjerminlz@si.edu	Male	True	602-243-8525
793.0	Oby	Elby	oelbym0@dion.ne.jp	Male	False	834-619-2609
794.0	Kimberli	Bretherick	kbretherickm1@answers.com	Female	False	701-710-1322
795.0	Cooper	Drabble	cdrabblem2@forbes.com	Male	False	224-179-7107
796.0	Allina	Knotton	aknottonm3@dropbox.com	Female	False	247-184-8327
797.0	Gerladina	Thunderchief	gthunderchiefm4@cdbaby.com	Female	False	324-710-4387
798.0	Rosetta	Switsur	rswitsurm5@java.com	Female	True	750-286-0516
799.0	Simon	Diament	sdiamentm6@hp.com	Male	False	206-810-0867
800.0	Abel	Cruz	acruzm7@sogou.com	Male	False	214-257-3344
801.0	Rockie	Swinney	rswinneym8@addthis.com	Male	False	514-735-8781
802.0	Petronilla	Warrack	pwarrackm9@bloomberg.com	Genderfluid	False	279-960-9140
803.0	Christie	Wooff	cwooffma@wisc.edu	Female	False	661-388-3146
804.0	Jamima	Leirmonth	jleirmonthmb@mit.edu	Female	True	333-691-4536
805.0	Ferrel	Peealess	fpeealessmc@pcworld.com	Male	True	791-435-5826
806.0	Jemie	Visco	jviscomd@shop-pro.jp	Genderqueer	False	756-636-1961
807.0	Tades	Cornbell	tcornbellme@unblog.fr	Polygender	False	942-898-2349
808.0	Henderson	Spurdens	hspurdensmf@mozilla.com	Male	False	204-607-8097
809.0	Mallissa	Perigoe	mperigoemg@dion.ne.jp	Female	False	532-925-4148
810.0	Beth	Howse	bhowsemh@nymag.com	Female	False	681-856-4380
811.0	Garret	Burtonwood	gburtonwoodmi@economist.com	Male	True	562-444-5606
812.0	Vannie	Recher	vrechermj@bravesites.com	Female	True	855-611-1340
813.0	Jeremiah	Gilcrist	jgilcristmk@ucsd.edu	Male	False	584-910-6996
814.0	Erasmus	Earngy	eearngyml@sitemeter.com	Genderqueer	False	511-488-1336
815.0	Renell	Willingale	rwillingalemm@cyberchimps.com	Female	False	827-169-2770
816.0	Ahmad	Blenkhorn	ablenkhornmn@printfriendly.com	Male	True	552-503-0943
817.0	Luigi	Clynmans	lclynmansmo@dell.com	Male	False	704-902-9339
818.0	Boris	Gook	bgookmp@businessweek.com	Male	True	477-454-7035
819.0	Torey	Skacel	tskacelmq@zdnet.com	Male	True	779-888-5596
820.0	Steffie	Diplock	sdiplockmr@naver.com	Female	True	479-133-5590
821.0	Libbey	Horstead	lhorsteadms@home.pl	Female	False	561-851-6173
822.0	Web	Geeson	wgeesonmt@princeton.edu	Male	False	906-778-0689
823.0	Oates	Cuttles	ocuttlesmu@bandcamp.com	Male	False	328-943-9051
824.0	Lemuel	Bearcroft	lbearcroftmv@google.pl	Male	True	743-217-7302
825.0	Helaina	Worland	hworlandmw@twitpic.com	Female	True	281-174-8084
826.0	Blinnie	Georgeau	bgeorgeaumx@list-manage.com	Female	False	503-638-8181
827.0	Garvin	Tamlett	gtamlettmy@netscape.com	Male	True	899-774-0678
828.0	Burr	Indge	bindgemz@so-net.ne.jp	Male	False	403-484-8023
829.0	Phip	Pendlebury	ppendleburyn0@state.gov	Male	True	853-810-0509
830.0	Erastus	Sivior	esiviorn1@unicef.org	Male	True	746-142-8679
831.0	Koenraad	Rengger	krenggern2@alexa.com	Male	False	317-879-6591
832.0	Pepi	Huie	phuien3@1und1.de	Female	False	967-939-1812
833.0	Maggee	McGurgan	mmcgurgann4@globo.com	Female	True	821-302-2633
834.0	Trent	Fiddyment	tfiddymentn5@cbslocal.com	Non-binary	True	449-780-7128
835.0	Huntington	Gammett	hgammettn6@answers.com	Male	False	179-405-2523
836.0	Rod	Tayspell	rtayspelln7@nyu.edu	Male	False	108-860-1967
837.0	Marcela	Bloan	mbloann8@elegantthemes.com	Female	False	773-630-0270
838.0	Ab	Lambdon	alambdonn9@dropbox.com	Male	True	449-925-4893
839.0	Trevar	Lottrington	tlottringtonna@deviantart.com	Male	True	950-722-3811
840.0	Kenny	McTurlough	kmcturloughnb@usgs.gov	Male	False	386-507-3412
841.0	Ave	Greenhow	agreenhownc@hud.gov	Male	False	908-927-6172
842.0	Denys	Baison	dbaisonnd@tamu.edu	Female	False	128-490-9481
843.0	Eden	Drewery	edreweryne@naver.com	Female	True	816-315-1755
844.0	Felicle	Kyndred	fkyndrednf@who.int	Female	True	325-562-5391
845.0	Ilise	Palia	ipaliang@github.io	Female	True	812-341-7274
846.0	Nickola	Stuchbery	nstuchberynh@unc.edu	Male	False	428-116-8190
847.0	Ruperta	Slorach	rslorachni@mapy.cz	Non-binary	False	545-790-0086
848.0	Valeria	Bousquet	vbousquetnj@hatena.ne.jp	Genderfluid	False	226-382-1819
849.0	Terrill	Zavattero	tzavatteronk@csmonitor.com	Male	False	511-418-9738
850.0	Tyrone	Janc	tjancnl@joomla.org	Male	False	839-121-8533
851.0	Katlin	Bowcock	kbowcocknm@blogtalkradio.com	Female	False	584-348-4649
852.0	Freeman	Edgler	fedglernn@tripod.com	Bigender	False	794-595-4692
853.0	Evvie	Twiddle	etwiddleno@dot.gov	Genderfluid	False	938-497-6535
854.0	Maggi	Bails	mbailsnp@dedecms.com	Female	True	607-362-3945
855.0	Claudina	Dunbabin	cdunbabinnq@npr.org	Female	False	189-835-7945
856.0	Mickie	Jouhandeau	mjouhandeaunr@vistaprint.com	Female	True	231-298-2893
857.0	Evonne	Hopfner	ehopfnerns@bbc.co.uk	Female	False	270-656-5153
858.0	Mikey	Gamage	mgamagent@addthis.com	Male	True	947-111-8308
859.0	Emyle	Batha	ebathanu@soup.io	Female	True	411-424-7939
860.0	Kirbie	Yushankin	kyushankinnv@xing.com	Female	True	654-491-1616
861.0	Giselbert	Willoughby	gwilloughbynw@ca.gov	Male	True	118-311-1491
862.0	Susanne	Menichelli	smenichellinx@google.ca	Female	True	711-226-3089
863.0	Damara	Couroy	dcouroyny@artisteer.com	Female	True	354-456-7440
864.0	Estele	Elcox	eelcoxnz@samsung.com	Female	True	735-894-4018
865.0	Vivien	Bowerman	vbowermano0@opera.com	Female	False	469-448-0746
866.0	Maryellen	Nathon	mnathono1@geocities.jp	Female	True	307-286-9179
867.0	Penn	Stanaway	pstanawayo2@senate.gov	Male	False	424-713-7058
868.0	Laird	Stubbert	lstubberto3@wunderground.com	Male	False	160-175-6812
869.0	Cosmo	Siemianowicz	csiemianowiczo4@google.com.au	Genderqueer	True	412-812-9415
870.0	Nancey	Carver	ncarvero5@google.co.jp	Female	True	708-782-9750
871.0	Adriaens	Tinkham	atinkhamo6@sciencedaily.com	Female	True	122-560-1322
872.0	Kala	Scapelhorn	kscapelhorno7@unesco.org	Genderfluid	True	761-918-4641
873.0	Berkie	Scroggs	bscroggso8@unblog.fr	Agender	True	855-213-1841
874.0	Hedwig	Dawidowsky	hdawidowskyo9@issuu.com	Female	False	385-334-5788
875.0	Kaile	Ploughwright	kploughwrightoa@amazon.de	Female	True	841-918-8037
876.0	Faber	Tousey	ftouseyob@miibeian.gov.cn	Male	True	881-477-0651
877.0	Windy	Boothebie	wboothebieoc@europa.eu	Female	False	405-353-8612
878.0	Morty	Laddle	mladdleod@jimdo.com	Male	True	897-576-4358
879.0	Tonya	Lenormand	tlenormandoe@wikispaces.com	Female	False	783-240-9548
880.0	Lynelle	Weeks	lweeksof@nifty.com	Female	True	991-946-9814
881.0	Mill	Boddie	mboddieog@china.com.cn	Male	False	746-959-2040
882.0	Lise	Asple	laspleoh@mtv.com	Genderqueer	False	868-538-1980
883.0	Lucina	Duck	lduckoi@sohu.com	Female	True	770-693-9214
884.0	Friedrick	Thewles	fthewlesoj@google.ca	Genderfluid	True	337-479-6779
885.0	Biron	Keattch	bkeattchok@live.com	Male	False	736-232-1530
886.0	Audie	Dumberell	adumberellol@cdbaby.com	Female	False	745-515-3171
887.0	Standford	Blodgett	sblodgettom@answers.com	Male	True	230-379-6820
888.0	Shanta	Margerrison	smargerrisonon@scientificamerican.com	Female	True	561-959-0377
889.0	Bobbi	Axston	baxstonoo@netvibes.com	Female	True	245-569-1039
890.0	Lannie	Towse	ltowseop@nifty.com	Male	False	491-695-1858
891.0	Keith	Gambrell	kgambrelloq@java.com	Male	True	513-970-1295
892.0	Obed	Djekovic	odjekovicor@mozilla.org	Male	True	626-480-9280
893.0	Iosep	Pisco	ipiscoos@surveymonkey.com	Male	True	310-500-7433
894.0	Glen	Petow	gpetowot@yelp.com	Female	True	202-339-5302
895.0	Sabrina	Mundle	smundleou@wiley.com	Female	True	328-456-3592
896.0	Seamus	Boyles	sboylesov@uiuc.edu	Male	False	727-550-2931
897.0	Elliot	Blyth	eblythow@usnews.com	Male	False	979-829-6825
898.0	Kathrine	Bradden	kbraddenox@shutterfly.com	Female	True	449-218-1371
899.0	Wang	Lanfranchi	wlanfranchioy@cnbc.com	Male	True	645-133-5616
900.0	Klarika	Geeves	kgeevesoz@disqus.com	Polygender	False	617-603-0570
901.0	Knox	Crannage	kcrannagep0@mit.edu	Genderqueer	False	568-689-9901
902.0	Aurel	Clemmett	aclemmettp1@narod.ru	Female	True	878-460-5084
903.0	Gwyn	Kurth	gkurthp2@twitter.com	Female	False	421-694-1956
904.0	Gerianne	Turmall	gturmallp3@cyberchimps.com	Female	False	261-903-0099
905.0	Culley	Fidoe	cfidoep4@aboutads.info	Male	False	892-914-0696
906.0	Michelina	Scafe	mscafep5@cnn.com	Female	True	702-976-1928
907.0	Rikki	Kilmartin	rkilmartinp6@gov.uk	Male	False	624-883-7071
908.0	Sawyer	Lammerich	slammerichp7@upenn.edu	Male	True	780-649-5149
909.0	Louie	Spurway	lspurwayp8@vinaora.com	Male	False	807-358-0875
910.0	Biron	Sorro	bsorrop9@alibaba.com	Male	False	566-556-0583
911.0	Ernestus	Doubrava	edoubravapa@hhs.gov	Male	False	644-694-5606
912.0	Virgil	Noni	vnonipb@narod.ru	Male	False	596-599-5948
913.0	Annabelle	Wilacot	awilacotpc@statcounter.com	Female	False	568-508-6985
914.0	Hamnet	Grimston	hgrimstonpd@tmall.com	Male	False	979-830-0432
915.0	Adrien	Creyke	acreykepe@cbc.ca	Male	True	843-915-7409
916.0	Lynnette	Balasini	lbalasinipf@cloudflare.com	Female	True	758-500-9263
917.0	Albrecht	Grocutt	agrocuttpg@dyndns.org	Male	True	183-631-3890
918.0	Matthiew	Ciotto	mciottoph@pcworld.com	Male	True	186-191-7640
919.0	Bibbye	Raoul	braoulpi@apache.org	Female	False	407-372-3166
920.0	Gordy	Miguel	gmiguelpj@statcounter.com	Polygender	True	596-786-6288
921.0	Melvyn	Cottill	mcottillpk@nytimes.com	Male	False	615-300-2959
922.0	Hobie	Tomasi	htomasipl@google.pl	Agender	False	239-474-7595
923.0	Lin	Kemston	lkemstonpm@dyndns.org	Male	True	574-122-7583
924.0	Valerie	Sannes	vsannespn@so-net.ne.jp	Female	False	486-990-8375
925.0	Garik	Stillmann	gstillmannpo@opera.com	Male	False	805-506-8759
926.0	Grissel	Pettman	gpettmanpp@scribd.com	Non-binary	True	808-860-8193
927.0	Boone	Roxburch	broxburchpq@last.fm	Male	False	495-722-5002
928.0	Binnie	Sharpus	bsharpuspr@reverbnation.com	Female	False	938-281-9618
929.0	Quincy	Klain	qklainps@themeforest.net	Male	False	873-590-5101
930.0	Bettine	Christensen	bchristensenpt@omniture.com	Agender	False	253-671-2766
931.0	Rowena	Pond-Jones	rpondjonespu@wordpress.com	Female	False	782-419-8429
932.0	Jeth	Lorenc	jlorencpv@omniture.com	Male	True	432-948-2001
933.0	Zach	Daymond	zdaymondpw@storify.com	Non-binary	False	694-995-7857
934.0	Lenna	Filyashin	lfilyashinpx@cnn.com	Female	False	212-879-7726
935.0	Stacey	Gorringe	sgorringepy@google.ru	Female	False	349-872-1629
936.0	Hugibert	Cristoforetti	hcristoforettipz@biglobe.ne.jp	Male	False	875-536-1350
937.0	Guillaume	O'Teague	goteagueq0@amazonaws.com	Male	True	353-750-2990
938.0	Mikkel	Cuddihy	mcuddihyq1@nhs.uk	Male	True	880-439-9444
939.0	Rikki	Dionisii	rdionisiiq2@tuttocitta.it	Male	True	265-345-7320
940.0	Kamillah	Ruby	krubyq3@hc360.com	Female	False	578-576-5050
941.0	Kiah	Derington	kderingtonq4@delicious.com	Polygender	True	152-417-4814
942.0	Hartwell	Eagling	heaglingq5@artisteer.com	Male	False	354-235-6978
943.0	Dynah	Danzelman	ddanzelmanq6@loc.gov	Female	False	274-596-2626
944.0	Mead	Ody	modyq7@harvard.edu	Male	False	892-109-6573
945.0	Desmond	Trowel	dtrowelq8@netlog.com	Male	True	651-882-6444
946.0	Dodie	Bazoche	dbazocheq9@dot.gov	Female	True	954-788-0342
947.0	Chloe	Crawforth	ccrawforthqa@constantcontact.com	Female	True	466-481-1439
948.0	Matty	Barde	mbardeqb@admin.ch	Female	False	392-996-7038
949.0	Wiley	Phythien	wphythienqc@cam.ac.uk	Genderqueer	True	191-203-7220
950.0	Rex	Llorente	rllorenteqd@elpais.com	Male	False	982-646-0794
951.0	Lannie	Christie	lchristieqe@fema.gov	Male	True	630-847-1932
952.0	Manon	Richardsson	mrichardssonqf@globo.com	Female	True	431-901-4640
953.0	Vanni	Weymont	vweymontqg@newsvine.com	Female	False	244-913-1998
954.0	Shae	Tofpik	stofpikqh@squidoo.com	Non-binary	True	103-481-9511
955.0	Lurlene	Masham	lmashamqi@si.edu	Female	True	837-503-4507
956.0	Chandler	Samsin	csamsinqj@addthis.com	Male	False	981-543-5989
957.0	Brodie	Dubs	bdubsqk@mit.edu	Male	False	855-100-9060
958.0	Homerus	Stickel	hstickelql@pcworld.com	Male	True	895-753-8467
959.0	Huntington	Leber	hleberqm@sakura.ne.jp	Male	False	318-469-6669
960.0	Krissy	Sudran	ksudranqn@house.gov	Female	True	945-316-1600
961.0	Bree	Kennedy	bkennedyqo@narod.ru	Female	True	109-607-4876
962.0	Erastus	Spinage	espinageqp@hubpages.com	Male	True	518-726-2312
963.0	Annora	O'Fielly	aofiellyqq@blogs.com	Female	False	421-505-6979
964.0	Tobi	Horrell	thorrellqr@so-net.ne.jp	Female	False	435-307-9561
965.0	Pat	Lindenbluth	plindenbluthqs@netscape.com	Male	True	915-857-4524
966.0	Julianna	Sarsons	jsarsonsqt@cnbc.com	Female	False	806-433-8826
967.0	Dallis	Senett	dsenettqu@yelp.com	Genderfluid	True	615-860-7848
968.0	Marwin	Blazy	mblazyqv@abc.net.au	Male	False	561-993-8935
969.0	Davon	Perigeaux	dperigeauxqw@drupal.org	Male	False	988-360-9030
970.0	Jessey	Loyley	jloyleyqx@unicef.org	Male	True	875-993-5386
971.0	Abigail	Reding	aredingqy@miibeian.gov.cn	Female	False	582-318-8092
972.0	Talbert	Gunner	tgunnerqz@nbcnews.com	Male	False	982-414-8422
973.0	Raye	Clemmensen	rclemmensenr0@stumbleupon.com	Female	True	244-866-9033
974.0	Clemente	Rivallant	crivallantr1@alexa.com	Male	False	620-253-0150
975.0	Noak	Crosfeld	ncrosfeldr2@geocities.jp	Male	False	271-433-2176
976.0	Mallissa	Conrart	mconrartr3@kickstarter.com	Female	False	748-624-6018
977.0	Durante	Glamart	dglamartr4@sphinn.com	Male	False	911-215-1696
978.0	Laurel	Vanyushkin	lvanyushkinr5@typepad.com	Female	True	545-796-7466
979.0	Dulcie	Shawley	dshawleyr6@ed.gov	Female	False	162-683-7315
980.0	Thalia	Fawlks	tfawlksr7@simplemachines.org	Female	True	621-316-3676
981.0	Christan	Bohling	cbohlingr8@linkedin.com	Female	True	473-176-3763
982.0	Thedrick	Fice	tficer9@addtoany.com	Genderfluid	True	619-306-4265
983.0	Sela	Mellsop	smellsopra@marketwatch.com	Female	True	627-100-0055
984.0	Conrad	Jeannon	cjeannonrb@cbc.ca	Male	False	173-835-2392
985.0	Carmon	Nyland	cnylandrc@google.de	Polygender	False	347-977-6678
986.0	Dee	Bamlett	dbamlettrd@t-online.de	Female	False	857-414-7032
987.0	Bram	Dowell	bdowellre@ft.com	Male	True	675-938-7771
988.0	Wilt	Schwanden	wschwandenrf@storify.com	Agender	True	194-871-3508
989.0	Raynard	Goldis	rgoldisrg@ucoz.com	Male	True	637-323-8911
990.0	Massimo	Holde	mholderh@auda.org.au	Male	True	305-197-7185
991.0	Haze	Ludlamme	hludlammeri@wired.com	Male	False	360-700-8104
992.0	Montgomery	Vanner	mvannerrj@w3.org	Male	True	228-432-7361
993.0	Janek	Glasbey	jglasbeyrk@ehow.com	Male	True	165-870-6954
994.0	Scotty	Roels	sroelsrl@youtu.be	Male	False	557-461-3080
995.0	Valentijn	Budgett	vbudgettrm@pagesperso-orange.fr	Male	True	205-629-3127
996.0	Venita	Antunes	vantunesrn@engadget.com	Female	False	846-157-3672
997.0	Louise	Ware	lwarero@wiley.com	Female	True	587-894-7324
998.0	Ralph	Lorking	rlorkingrp@yelp.com	Male	True	580-398-8949
999.0	Odetta	Mathew	omathewrq@hugedomains.com	Female	False	457-185-8211
1000.0	Bourke	Skoggins	bskogginsrr@blogger.com	Male	True	457-625-4027
